/Users/ckethan/IMG/center_2019_05_09_14_25_32_541.jpg, /Users/ckethan/IMG/left_2019_05_09_14_25_32_541.jpg, /Users/ckethan/IMG/right_2019_05_09_14_25_32_541.jpg, 0, 0, 0, 7.853982E-05
/Users/ckethan/IMG/center_2019_05_09_14_25_32_641.jpg, /Users/ckethan/IMG/left_2019_05_09_14_25_32_641.jpg, /Users/ckethan/IMG/right_2019_05_09_14_25_32_641.jpg, 0, 0, 0, 7.824801E-05
/Users/ckethan/IMG/center_2019_05_09_14_25_32_742.jpg, /Users/ckethan/IMG/left_2019_05_09_14_25_32_742.jpg, /Users/ckethan/IMG/right_2019_05_09_14_25_32_742.jpg, 0, 0, 0, 7.837491E-05
/Users/ckethan/IMG/center_2019_05_09_14_25_32_843.jpg, /Users/ckethan/IMG/left_2019_05_09_14_25_32_843.jpg, /Users/ckethan/IMG/right_2019_05_09_14_25_32_843.jpg, 0, 0, 0, 7.844709E-05
/Users/ckethan/IMG/center_2019_05_09_14_25_32_945.jpg, /Users/ckethan/IMG/left_2019_05_09_14_25_32_945.jpg, /Users/ckethan/IMG/right_2019_05_09_14_25_32_945.jpg, -0.2410111, 0.2813612, 0, 0.1900327
/Users/ckethan/IMG/center_2019_05_09_14_25_33_045.jpg, /Users/ckethan/IMG/left_2019_05_09_14_25_33_045.jpg, /Users/ckethan/IMG/right_2019_05_09_14_25_33_045.jpg, -0.541926, 0.5822761, 0, 0.6942227
/Users/ckethan/IMG/center_2019_05_09_14_25_33_151.jpg, /Users/ckethan/IMG/left_2019_05_09_14_25_33_151.jpg, /Users/ckethan/IMG/right_2019_05_09_14_25_33_151.jpg, -0.8457992, 0.8861493, 0, 1.581601
/Users/ckethan/IMG/center_2019_05_09_14_25_33_251.jpg, /Users/ckethan/IMG/left_2019_05_09_14_25_33_251.jpg, /Users/ckethan/IMG/right_2019_05_09_14_25_33_251.jpg, -0.6496857, 1, 0, 2.785484
/Users/ckethan/IMG/center_2019_05_09_14_25_33_353.jpg, /Users/ckethan/IMG/left_2019_05_09_14_25_33_353.jpg, /Users/ckethan/IMG/right_2019_05_09_14_25_33_353.jpg, -0.2920918, 1, 0, 4.199353
/Users/ckethan/IMG/center_2019_05_09_14_25_33_455.jpg, /Users/ckethan/IMG/left_2019_05_09_14_25_33_455.jpg, /Users/ckethan/IMG/right_2019_05_09_14_25_33_455.jpg, 0, 1, 0, 5.361221
/Users/ckethan/IMG/center_2019_05_09_14_25_33_558.jpg, /Users/ckethan/IMG/left_2019_05_09_14_25_33_558.jpg, /Users/ckethan/IMG/right_2019_05_09_14_25_33_558.jpg, -0.05385911, 1, 0, 6.512413
/Users/ckethan/IMG/center_2019_05_09_14_25_33_658.jpg, /Users/ckethan/IMG/left_2019_05_09_14_25_33_658.jpg, /Users/ckethan/IMG/right_2019_05_09_14_25_33_658.jpg, -0.2844032, 1, 0, 7.631771
/Users/ckethan/IMG/center_2019_05_09_14_25_33_758.jpg, /Users/ckethan/IMG/left_2019_05_09_14_25_33_758.jpg, /Users/ckethan/IMG/right_2019_05_09_14_25_33_758.jpg, 0, 1, 0, 8.759632
/Users/ckethan/IMG/center_2019_05_09_14_25_33_859.jpg, /Users/ckethan/IMG/left_2019_05_09_14_25_33_859.jpg, /Users/ckethan/IMG/right_2019_05_09_14_25_33_859.jpg, 0, 1, 0, 9.877097
/Users/ckethan/IMG/center_2019_05_09_14_25_33_959.jpg, /Users/ckethan/IMG/left_2019_05_09_14_25_33_959.jpg, /Users/ckethan/IMG/right_2019_05_09_14_25_33_959.jpg, -0.1370491, 1, 0, 10.98144
/Users/ckethan/IMG/center_2019_05_09_14_25_34_061.jpg, /Users/ckethan/IMG/left_2019_05_09_14_25_34_061.jpg, /Users/ckethan/IMG/right_2019_05_09_14_25_34_061.jpg, -0.4342951, 1, 0, 11.85691
/Users/ckethan/IMG/center_2019_05_09_14_25_34_162.jpg, /Users/ckethan/IMG/left_2019_05_09_14_25_34_162.jpg, /Users/ckethan/IMG/right_2019_05_09_14_25_34_162.jpg, -0.1580611, 1, 0, 13.0955
/Users/ckethan/IMG/center_2019_05_09_14_25_34_264.jpg, /Users/ckethan/IMG/left_2019_05_09_14_25_34_264.jpg, /Users/ckethan/IMG/right_2019_05_09_14_25_34_264.jpg, 0, 1, 0, 14.12572
/Users/ckethan/IMG/center_2019_05_09_14_25_34_369.jpg, /Users/ckethan/IMG/left_2019_05_09_14_25_34_369.jpg, /Users/ckethan/IMG/right_2019_05_09_14_25_34_369.jpg, -0.05360413, 1, 0, 15.20037
/Users/ckethan/IMG/center_2019_05_09_14_25_34_472.jpg, /Users/ckethan/IMG/left_2019_05_09_14_25_34_472.jpg, /Users/ckethan/IMG/right_2019_05_09_14_25_34_472.jpg, -0.413283, 1, 0, 16.34807
/Users/ckethan/IMG/center_2019_05_09_14_25_34_572.jpg, /Users/ckethan/IMG/left_2019_05_09_14_25_34_572.jpg, /Users/ckethan/IMG/right_2019_05_09_14_25_34_572.jpg, -0.2429523, 1, 0, 17.49931
/Users/ckethan/IMG/center_2019_05_09_14_25_34_673.jpg, /Users/ckethan/IMG/left_2019_05_09_14_25_34_673.jpg, /Users/ckethan/IMG/right_2019_05_09_14_25_34_673.jpg, 0, 1, 0, 18.37417
/Users/ckethan/IMG/center_2019_05_09_14_25_34_773.jpg, /Users/ckethan/IMG/left_2019_05_09_14_25_34_773.jpg, /Users/ckethan/IMG/right_2019_05_09_14_25_34_773.jpg, -0.01867497, 1, 0, 19.53373
/Users/ckethan/IMG/center_2019_05_09_14_25_34_920.jpg, /Users/ckethan/IMG/left_2019_05_09_14_25_34_920.jpg, /Users/ckethan/IMG/right_2019_05_09_14_25_34_920.jpg, 0, 1, 0, 20.83472
/Users/ckethan/IMG/center_2019_05_09_14_25_35_020.jpg, /Users/ckethan/IMG/left_2019_05_09_14_25_35_020.jpg, /Users/ckethan/IMG/right_2019_05_09_14_25_35_020.jpg, 0, 1, 0, 21.89992
/Users/ckethan/IMG/center_2019_05_09_14_25_35_121.jpg, /Users/ckethan/IMG/left_2019_05_09_14_25_35_121.jpg, /Users/ckethan/IMG/right_2019_05_09_14_25_35_121.jpg, 0, 1, 0, 22.85357
/Users/ckethan/IMG/center_2019_05_09_14_25_35_223.jpg, /Users/ckethan/IMG/left_2019_05_09_14_25_35_223.jpg, /Users/ckethan/IMG/right_2019_05_09_14_25_35_223.jpg, -0.1957498, 1, 0, 23.83228
/Users/ckethan/IMG/center_2019_05_09_14_25_35_325.jpg, /Users/ckethan/IMG/left_2019_05_09_14_25_35_325.jpg, /Users/ckethan/IMG/right_2019_05_09_14_25_35_325.jpg, -0.4909891, 1, 0, 24.66175
/Users/ckethan/IMG/center_2019_05_09_14_25_35_426.jpg, /Users/ckethan/IMG/left_2019_05_09_14_25_35_426.jpg, /Users/ckethan/IMG/right_2019_05_09_14_25_35_426.jpg, -0.7936889, 1, 0, 25.31824
/Users/ckethan/IMG/center_2019_05_09_14_25_35_534.jpg, /Users/ckethan/IMG/left_2019_05_09_14_25_35_534.jpg, /Users/ckethan/IMG/right_2019_05_09_14_25_35_534.jpg, -0.85201, 1, 0, 26.01431
/Users/ckethan/IMG/center_2019_05_09_14_25_35_636.jpg, /Users/ckethan/IMG/left_2019_05_09_14_25_35_636.jpg, /Users/ckethan/IMG/right_2019_05_09_14_25_35_636.jpg, 0, 1, 0, 26.92705
/Users/ckethan/IMG/center_2019_05_09_14_25_35_737.jpg, /Users/ckethan/IMG/left_2019_05_09_14_25_35_737.jpg, /Users/ckethan/IMG/right_2019_05_09_14_25_35_737.jpg, 0.3025349, 1, 0, 27.6398
/Users/ckethan/IMG/center_2019_05_09_14_25_35_840.jpg, /Users/ckethan/IMG/left_2019_05_09_14_25_35_840.jpg, /Users/ckethan/IMG/right_2019_05_09_14_25_35_840.jpg, 0.3228332, 1, 0, 28.2924
/Users/ckethan/IMG/center_2019_05_09_14_25_35_942.jpg, /Users/ckethan/IMG/left_2019_05_09_14_25_35_942.jpg, /Users/ckethan/IMG/right_2019_05_09_14_25_35_942.jpg, 0.01684213, 1, 0, 29.1741
/Users/ckethan/IMG/center_2019_05_09_14_25_36_044.jpg, /Users/ckethan/IMG/left_2019_05_09_14_25_36_044.jpg, /Users/ckethan/IMG/right_2019_05_09_14_25_36_044.jpg, 0, 1, 0, 30.08541
/Users/ckethan/IMG/center_2019_05_09_14_25_36_146.jpg, /Users/ckethan/IMG/left_2019_05_09_14_25_36_146.jpg, /Users/ckethan/IMG/right_2019_05_09_14_25_36_146.jpg, 0.3056338, 1, 0, 30.17035
/Users/ckethan/IMG/center_2019_05_09_14_25_36_248.jpg, /Users/ckethan/IMG/left_2019_05_09_14_25_36_248.jpg, /Users/ckethan/IMG/right_2019_05_09_14_25_36_248.jpg, 0.1684499, 1, 0, 30.19071
/Users/ckethan/IMG/center_2019_05_09_14_25_36_351.jpg, /Users/ckethan/IMG/left_2019_05_09_14_25_36_351.jpg, /Users/ckethan/IMG/right_2019_05_09_14_25_36_351.jpg, -0.126528, 1, 0, 30.17811
/Users/ckethan/IMG/center_2019_05_09_14_25_36_451.jpg, /Users/ckethan/IMG/left_2019_05_09_14_25_36_451.jpg, /Users/ckethan/IMG/right_2019_05_09_14_25_36_451.jpg, -0.2531852, 1, 0, 30.17408
/Users/ckethan/IMG/center_2019_05_09_14_25_36_554.jpg, /Users/ckethan/IMG/left_2019_05_09_14_25_36_554.jpg, /Users/ckethan/IMG/right_2019_05_09_14_25_36_554.jpg, 0, 1, 0, 30.18935
/Users/ckethan/IMG/center_2019_05_09_14_25_36_655.jpg, /Users/ckethan/IMG/left_2019_05_09_14_25_36_655.jpg, /Users/ckethan/IMG/right_2019_05_09_14_25_36_655.jpg, -0.06666613, 1, 0, 30.18936
/Users/ckethan/IMG/center_2019_05_09_14_25_36_756.jpg, /Users/ckethan/IMG/left_2019_05_09_14_25_36_756.jpg, /Users/ckethan/IMG/right_2019_05_09_14_25_36_756.jpg, -0.334077, 1, 0, 30.1669
/Users/ckethan/IMG/center_2019_05_09_14_25_36_858.jpg, /Users/ckethan/IMG/left_2019_05_09_14_25_36_858.jpg, /Users/ckethan/IMG/right_2019_05_09_14_25_36_858.jpg, -0.02888131, 1, 0, 30.18974
/Users/ckethan/IMG/center_2019_05_09_14_25_36_959.jpg, /Users/ckethan/IMG/left_2019_05_09_14_25_36_959.jpg, /Users/ckethan/IMG/right_2019_05_09_14_25_36_959.jpg, 0, 1, 0, 30.18985
/Users/ckethan/IMG/center_2019_05_09_14_25_37_062.jpg, /Users/ckethan/IMG/left_2019_05_09_14_25_37_062.jpg, /Users/ckethan/IMG/right_2019_05_09_14_25_37_062.jpg, 0, 1, 0, 30.19028
/Users/ckethan/IMG/center_2019_05_09_14_25_37_163.jpg, /Users/ckethan/IMG/left_2019_05_09_14_25_37_163.jpg, /Users/ckethan/IMG/right_2019_05_09_14_25_37_163.jpg, -0.01330197, 1, 0, 30.19026
/Users/ckethan/IMG/center_2019_05_09_14_25_37_266.jpg, /Users/ckethan/IMG/left_2019_05_09_14_25_37_266.jpg, /Users/ckethan/IMG/right_2019_05_09_14_25_37_266.jpg, -0.3087419, 1, 0, 30.16762
/Users/ckethan/IMG/center_2019_05_09_14_25_37_370.jpg, /Users/ckethan/IMG/left_2019_05_09_14_25_37_370.jpg, /Users/ckethan/IMG/right_2019_05_09_14_25_37_370.jpg, -0.05585396, 1, 0, 30.19099
/Users/ckethan/IMG/center_2019_05_09_14_25_37_472.jpg, /Users/ckethan/IMG/left_2019_05_09_14_25_37_472.jpg, /Users/ckethan/IMG/right_2019_05_09_14_25_37_472.jpg, 0, 1, 0, 30.19005
/Users/ckethan/IMG/center_2019_05_09_14_25_37_573.jpg, /Users/ckethan/IMG/left_2019_05_09_14_25_37_573.jpg, /Users/ckethan/IMG/right_2019_05_09_14_25_37_573.jpg, 0, 1, 0, 30.19025
/Users/ckethan/IMG/center_2019_05_09_14_25_37_677.jpg, /Users/ckethan/IMG/left_2019_05_09_14_25_37_677.jpg, /Users/ckethan/IMG/right_2019_05_09_14_25_37_677.jpg, -0.102465, 1, 0, 30.18809
/Users/ckethan/IMG/center_2019_05_09_14_25_37_780.jpg, /Users/ckethan/IMG/left_2019_05_09_14_25_37_780.jpg, /Users/ckethan/IMG/right_2019_05_09_14_25_37_780.jpg, -0.2866348, 1, 0, 30.1727
/Users/ckethan/IMG/center_2019_05_09_14_25_37_881.jpg, /Users/ckethan/IMG/left_2019_05_09_14_25_37_881.jpg, /Users/ckethan/IMG/right_2019_05_09_14_25_37_881.jpg, 0, 1, 0, 30.18874
/Users/ckethan/IMG/center_2019_05_09_14_25_37_981.jpg, /Users/ckethan/IMG/left_2019_05_09_14_25_37_981.jpg, /Users/ckethan/IMG/right_2019_05_09_14_25_37_981.jpg, 0, 1, 0, 30.18997
/Users/ckethan/IMG/center_2019_05_09_14_25_38_081.jpg, /Users/ckethan/IMG/left_2019_05_09_14_25_38_081.jpg, /Users/ckethan/IMG/right_2019_05_09_14_25_38_081.jpg, -0.127764, 1, 0, 30.18738
/Users/ckethan/IMG/center_2019_05_09_14_25_38_182.jpg, /Users/ckethan/IMG/left_2019_05_09_14_25_38_182.jpg, /Users/ckethan/IMG/right_2019_05_09_14_25_38_182.jpg, 0, 1, 0, 30.19008
/Users/ckethan/IMG/center_2019_05_09_14_25_38_283.jpg, /Users/ckethan/IMG/left_2019_05_09_14_25_38_283.jpg, /Users/ckethan/IMG/right_2019_05_09_14_25_38_283.jpg, 0, 1, 0, 30.19028
/Users/ckethan/IMG/center_2019_05_09_14_25_38_383.jpg, /Users/ckethan/IMG/left_2019_05_09_14_25_38_383.jpg, /Users/ckethan/IMG/right_2019_05_09_14_25_38_383.jpg, 0, 1, 0, 30.19031
/Users/ckethan/IMG/center_2019_05_09_14_25_38_486.jpg, /Users/ckethan/IMG/left_2019_05_09_14_25_38_486.jpg, /Users/ckethan/IMG/right_2019_05_09_14_25_38_486.jpg, -0.188697, 1, 0, 30.18118
/Users/ckethan/IMG/center_2019_05_09_14_25_38_590.jpg, /Users/ckethan/IMG/left_2019_05_09_14_25_38_590.jpg, /Users/ckethan/IMG/right_2019_05_09_14_25_38_590.jpg, -0.1955942, 1, 0, 30.18745
/Users/ckethan/IMG/center_2019_05_09_14_25_38_691.jpg, /Users/ckethan/IMG/left_2019_05_09_14_25_38_691.jpg, /Users/ckethan/IMG/right_2019_05_09_14_25_38_691.jpg, 0, 1, 0, 30.18913
/Users/ckethan/IMG/center_2019_05_09_14_25_38_794.jpg, /Users/ckethan/IMG/left_2019_05_09_14_25_38_794.jpg, /Users/ckethan/IMG/right_2019_05_09_14_25_38_794.jpg, 0, 1, 0, 30.19025
/Users/ckethan/IMG/center_2019_05_09_14_25_38_895.jpg, /Users/ckethan/IMG/left_2019_05_09_14_25_38_895.jpg, /Users/ckethan/IMG/right_2019_05_09_14_25_38_895.jpg, 0, 1, 0, 30.19028
/Users/ckethan/IMG/center_2019_05_09_14_25_38_998.jpg, /Users/ckethan/IMG/left_2019_05_09_14_25_38_998.jpg, /Users/ckethan/IMG/right_2019_05_09_14_25_38_998.jpg, -0.1557391, 1, 0, 30.18424
/Users/ckethan/IMG/center_2019_05_09_14_25_39_099.jpg, /Users/ckethan/IMG/left_2019_05_09_14_25_39_099.jpg, /Users/ckethan/IMG/right_2019_05_09_14_25_39_099.jpg, -0.457239, 1, 0, 30.14748
/Users/ckethan/IMG/center_2019_05_09_14_25_39_200.jpg, /Users/ckethan/IMG/left_2019_05_09_14_25_39_200.jpg, /Users/ckethan/IMG/right_2019_05_09_14_25_39_200.jpg, -0.188217, 1, 0, 30.19202
/Users/ckethan/IMG/center_2019_05_09_14_25_39_303.jpg, /Users/ckethan/IMG/left_2019_05_09_14_25_39_303.jpg, /Users/ckethan/IMG/right_2019_05_09_14_25_39_303.jpg, 0, 1, 0, 30.18789
/Users/ckethan/IMG/center_2019_05_09_14_25_39_406.jpg, /Users/ckethan/IMG/left_2019_05_09_14_25_39_406.jpg, /Users/ckethan/IMG/right_2019_05_09_14_25_39_406.jpg, 0, 1, 0, 30.19007
/Users/ckethan/IMG/center_2019_05_09_14_25_39_507.jpg, /Users/ckethan/IMG/left_2019_05_09_14_25_39_507.jpg, /Users/ckethan/IMG/right_2019_05_09_14_25_39_507.jpg, 0.1991519, 1, 0, 30.17732
/Users/ckethan/IMG/center_2019_05_09_14_25_39_608.jpg, /Users/ckethan/IMG/left_2019_05_09_14_25_39_608.jpg, /Users/ckethan/IMG/right_2019_05_09_14_25_39_608.jpg, 0, 1, 0, 30.18982
/Users/ckethan/IMG/center_2019_05_09_14_25_39_711.jpg, /Users/ckethan/IMG/left_2019_05_09_14_25_39_711.jpg, /Users/ckethan/IMG/right_2019_05_09_14_25_39_711.jpg, -0.0344342, 1, 0, 30.18948
/Users/ckethan/IMG/center_2019_05_09_14_25_39_811.jpg, /Users/ckethan/IMG/left_2019_05_09_14_25_39_811.jpg, /Users/ckethan/IMG/right_2019_05_09_14_25_39_811.jpg, -0.318282, 1, 0, 30.16439
/Users/ckethan/IMG/center_2019_05_09_14_25_39_991.jpg, /Users/ckethan/IMG/left_2019_05_09_14_25_39_991.jpg, /Users/ckethan/IMG/right_2019_05_09_14_25_39_991.jpg, 0, 1, 0, 30.18986
/Users/ckethan/IMG/center_2019_05_09_14_25_40_093.jpg, /Users/ckethan/IMG/left_2019_05_09_14_25_40_093.jpg, /Users/ckethan/IMG/right_2019_05_09_14_25_40_093.jpg, 0, 1, 0, 30.19026
/Users/ckethan/IMG/center_2019_05_09_14_25_40_195.jpg, /Users/ckethan/IMG/left_2019_05_09_14_25_40_195.jpg, /Users/ckethan/IMG/right_2019_05_09_14_25_40_195.jpg, 0, 1, 0, 30.19056
/Users/ckethan/IMG/center_2019_05_09_14_25_40_299.jpg, /Users/ckethan/IMG/left_2019_05_09_14_25_40_299.jpg, /Users/ckethan/IMG/right_2019_05_09_14_25_40_299.jpg, -0.2979509, 1, 0, 30.16882
/Users/ckethan/IMG/center_2019_05_09_14_25_40_402.jpg, /Users/ckethan/IMG/left_2019_05_09_14_25_40_402.jpg, /Users/ckethan/IMG/right_2019_05_09_14_25_40_402.jpg, -0.09312593, 1, 0, 30.19134
/Users/ckethan/IMG/center_2019_05_09_14_25_40_506.jpg, /Users/ckethan/IMG/left_2019_05_09_14_25_40_506.jpg, /Users/ckethan/IMG/right_2019_05_09_14_25_40_506.jpg, 0, 1, 0, 30.18959
/Users/ckethan/IMG/center_2019_05_09_14_25_40_608.jpg, /Users/ckethan/IMG/left_2019_05_09_14_25_40_608.jpg, /Users/ckethan/IMG/right_2019_05_09_14_25_40_608.jpg, 0, 1, 0, 30.19024
/Users/ckethan/IMG/center_2019_05_09_14_25_40_710.jpg, /Users/ckethan/IMG/left_2019_05_09_14_25_40_710.jpg, /Users/ckethan/IMG/right_2019_05_09_14_25_40_710.jpg, 0, 1, 0, 30.19033
/Users/ckethan/IMG/center_2019_05_09_14_25_40_814.jpg, /Users/ckethan/IMG/left_2019_05_09_14_25_40_814.jpg, /Users/ckethan/IMG/right_2019_05_09_14_25_40_814.jpg, -0.274386, 1, 0, 30.17308
/Users/ckethan/IMG/center_2019_05_09_14_25_40_918.jpg, /Users/ckethan/IMG/left_2019_05_09_14_25_40_918.jpg, /Users/ckethan/IMG/right_2019_05_09_14_25_40_918.jpg, 0, 1, 0, 30.18927
/Users/ckethan/IMG/center_2019_05_09_14_25_41_018.jpg, /Users/ckethan/IMG/left_2019_05_09_14_25_41_018.jpg, /Users/ckethan/IMG/right_2019_05_09_14_25_41_018.jpg, 0, 1, 0, 30.19007
/Users/ckethan/IMG/center_2019_05_09_14_25_41_121.jpg, /Users/ckethan/IMG/left_2019_05_09_14_25_41_121.jpg, /Users/ckethan/IMG/right_2019_05_09_14_25_41_121.jpg, 0, 1, 0, 30.19028
/Users/ckethan/IMG/center_2019_05_09_14_25_41_223.jpg, /Users/ckethan/IMG/left_2019_05_09_14_25_41_223.jpg, /Users/ckethan/IMG/right_2019_05_09_14_25_41_223.jpg, 0, 1, 0, 30.19036
/Users/ckethan/IMG/center_2019_05_09_14_25_41_324.jpg, /Users/ckethan/IMG/left_2019_05_09_14_25_41_324.jpg, /Users/ckethan/IMG/right_2019_05_09_14_25_41_324.jpg, 0.116925, 1, 0, 30.18652
/Users/ckethan/IMG/center_2019_05_09_14_25_41_426.jpg, /Users/ckethan/IMG/left_2019_05_09_14_25_41_426.jpg, /Users/ckethan/IMG/right_2019_05_09_14_25_41_426.jpg, 0.06681275, 1, 0, 30.19029
/Users/ckethan/IMG/center_2019_05_09_14_25_41_529.jpg, /Users/ckethan/IMG/left_2019_05_09_14_25_41_529.jpg, /Users/ckethan/IMG/right_2019_05_09_14_25_41_529.jpg, 0, 1, 0, 30.19006
/Users/ckethan/IMG/center_2019_05_09_14_25_41_631.jpg, /Users/ckethan/IMG/left_2019_05_09_14_25_41_631.jpg, /Users/ckethan/IMG/right_2019_05_09_14_25_41_631.jpg, -0.2860773, 1, 0, 30.1674
/Users/ckethan/IMG/center_2019_05_09_14_25_41_732.jpg, /Users/ckethan/IMG/left_2019_05_09_14_25_41_732.jpg, /Users/ckethan/IMG/right_2019_05_09_14_25_41_732.jpg, -0.1635329, 1, 0, 30.18998
/Users/ckethan/IMG/center_2019_05_09_14_25_41_832.jpg, /Users/ckethan/IMG/left_2019_05_09_14_25_41_832.jpg, /Users/ckethan/IMG/right_2019_05_09_14_25_41_832.jpg, 0, 1, 0, 30.18949
/Users/ckethan/IMG/center_2019_05_09_14_25_41_933.jpg, /Users/ckethan/IMG/left_2019_05_09_14_25_41_933.jpg, /Users/ckethan/IMG/right_2019_05_09_14_25_41_933.jpg, -0.168456, 1, 0, 30.18544
/Users/ckethan/IMG/center_2019_05_09_14_25_42_035.jpg, /Users/ckethan/IMG/left_2019_05_09_14_25_42_035.jpg, /Users/ckethan/IMG/right_2019_05_09_14_25_42_035.jpg, 0, 1, 0, 30.1901
/Users/ckethan/IMG/center_2019_05_09_14_25_42_138.jpg, /Users/ckethan/IMG/left_2019_05_09_14_25_42_138.jpg, /Users/ckethan/IMG/right_2019_05_09_14_25_42_138.jpg, 0, 1, 0, 30.19027
/Users/ckethan/IMG/center_2019_05_09_14_25_42_238.jpg, /Users/ckethan/IMG/left_2019_05_09_14_25_42_238.jpg, /Users/ckethan/IMG/right_2019_05_09_14_25_42_238.jpg, -0.02312386, 1, 0, 30.19021
/Users/ckethan/IMG/center_2019_05_09_14_25_42_341.jpg, /Users/ckethan/IMG/left_2019_05_09_14_25_42_341.jpg, /Users/ckethan/IMG/right_2019_05_09_14_25_42_341.jpg, -0.3177298, 1, 0, 30.1662
/Users/ckethan/IMG/center_2019_05_09_14_25_42_441.jpg, /Users/ckethan/IMG/left_2019_05_09_14_25_42_441.jpg, /Users/ckethan/IMG/right_2019_05_09_14_25_42_441.jpg, -0.3882508, 1, 0, 30.17366
/Users/ckethan/IMG/center_2019_05_09_14_25_42_543.jpg, /Users/ckethan/IMG/left_2019_05_09_14_25_42_543.jpg, /Users/ckethan/IMG/right_2019_05_09_14_25_42_543.jpg, -0.09093582, 1, 0, 30.19166
/Users/ckethan/IMG/center_2019_05_09_14_25_42_646.jpg, /Users/ckethan/IMG/left_2019_05_09_14_25_42_646.jpg, /Users/ckethan/IMG/right_2019_05_09_14_25_42_646.jpg, 0, 1, 0, 30.18914
/Users/ckethan/IMG/center_2019_05_09_14_25_42_749.jpg, /Users/ckethan/IMG/left_2019_05_09_14_25_42_749.jpg, /Users/ckethan/IMG/right_2019_05_09_14_25_42_749.jpg, 0.01176882, 1, 0, 30.18998
/Users/ckethan/IMG/center_2019_05_09_14_25_42_852.jpg, /Users/ckethan/IMG/left_2019_05_09_14_25_42_852.jpg, /Users/ckethan/IMG/right_2019_05_09_14_25_42_852.jpg, 0.1917776, 1, 0, 30.17855
/Users/ckethan/IMG/center_2019_05_09_14_25_42_954.jpg, /Users/ckethan/IMG/left_2019_05_09_14_25_42_954.jpg, /Users/ckethan/IMG/right_2019_05_09_14_25_42_954.jpg, 0, 1, 0, 30.19018
/Users/ckethan/IMG/center_2019_05_09_14_25_43_056.jpg, /Users/ckethan/IMG/left_2019_05_09_14_25_43_056.jpg, /Users/ckethan/IMG/right_2019_05_09_14_25_43_056.jpg, -0.1365091, 1, 0, 30.18356
/Users/ckethan/IMG/center_2019_05_09_14_25_43_158.jpg, /Users/ckethan/IMG/left_2019_05_09_14_25_43_158.jpg, /Users/ckethan/IMG/right_2019_05_09_14_25_43_158.jpg, -0.4415971, 1, 0, 30.14779
/Users/ckethan/IMG/center_2019_05_09_14_25_43_260.jpg, /Users/ckethan/IMG/left_2019_05_09_14_25_43_260.jpg, /Users/ckethan/IMG/right_2019_05_09_14_25_43_260.jpg, -0.2805394, 1, 0, 30.18845
/Users/ckethan/IMG/center_2019_05_09_14_25_43_361.jpg, /Users/ckethan/IMG/left_2019_05_09_14_25_43_361.jpg, /Users/ckethan/IMG/right_2019_05_09_14_25_43_361.jpg, 0, 1, 0, 30.18656
/Users/ckethan/IMG/center_2019_05_09_14_25_43_463.jpg, /Users/ckethan/IMG/left_2019_05_09_14_25_43_463.jpg, /Users/ckethan/IMG/right_2019_05_09_14_25_43_463.jpg, 0.2309639, 1, 0, 30.16702
/Users/ckethan/IMG/center_2019_05_09_14_25_43_567.jpg, /Users/ckethan/IMG/left_2019_05_09_14_25_43_567.jpg, /Users/ckethan/IMG/right_2019_05_09_14_25_43_567.jpg, 0.2429938, 1, 0, 30.18216
/Users/ckethan/IMG/center_2019_05_09_14_25_43_668.jpg, /Users/ckethan/IMG/left_2019_05_09_14_25_43_668.jpg, /Users/ckethan/IMG/right_2019_05_09_14_25_43_668.jpg, 0, 1, 0, 30.18794
/Users/ckethan/IMG/center_2019_05_09_14_25_43_768.jpg, /Users/ckethan/IMG/left_2019_05_09_14_25_43_768.jpg, /Users/ckethan/IMG/right_2019_05_09_14_25_43_768.jpg, 0, 1, 0, 30.18992
/Users/ckethan/IMG/center_2019_05_09_14_25_43_869.jpg, /Users/ckethan/IMG/left_2019_05_09_14_25_43_869.jpg, /Users/ckethan/IMG/right_2019_05_09_14_25_43_869.jpg, 0, 1, 0, 30.19025
/Users/ckethan/IMG/center_2019_05_09_14_25_43_973.jpg, /Users/ckethan/IMG/left_2019_05_09_14_25_43_973.jpg, /Users/ckethan/IMG/right_2019_05_09_14_25_43_973.jpg, -0.0320971, 1, 0, 30.18999
/Users/ckethan/IMG/center_2019_05_09_14_25_44_074.jpg, /Users/ckethan/IMG/left_2019_05_09_14_25_44_074.jpg, /Users/ckethan/IMG/right_2019_05_09_14_25_44_074.jpg, -0.1857423, 1, 0, 30.18176
/Users/ckethan/IMG/center_2019_05_09_14_25_44_175.jpg, /Users/ckethan/IMG/left_2019_05_09_14_25_44_175.jpg, /Users/ckethan/IMG/right_2019_05_09_14_25_44_175.jpg, 0, 1, 0, 30.18976
/Users/ckethan/IMG/center_2019_05_09_14_25_44_277.jpg, /Users/ckethan/IMG/left_2019_05_09_14_25_44_277.jpg, /Users/ckethan/IMG/right_2019_05_09_14_25_44_277.jpg, 0, 1, 0, 30.19026
/Users/ckethan/IMG/center_2019_05_09_14_25_44_378.jpg, /Users/ckethan/IMG/left_2019_05_09_14_25_44_378.jpg, /Users/ckethan/IMG/right_2019_05_09_14_25_44_378.jpg, 0, 1, 0, 30.19029
/Users/ckethan/IMG/center_2019_05_09_14_25_44_480.jpg, /Users/ckethan/IMG/left_2019_05_09_14_25_44_480.jpg, /Users/ckethan/IMG/right_2019_05_09_14_25_44_480.jpg, -0.2852433, 1, 0, 30.17049
/Users/ckethan/IMG/center_2019_05_09_14_25_44_583.jpg, /Users/ckethan/IMG/left_2019_05_09_14_25_44_583.jpg, /Users/ckethan/IMG/right_2019_05_09_14_25_44_583.jpg, -0.008229017, 1, 0, 30.18983
/Users/ckethan/IMG/center_2019_05_09_14_25_44_684.jpg, /Users/ckethan/IMG/left_2019_05_09_14_25_44_684.jpg, /Users/ckethan/IMG/right_2019_05_09_14_25_44_684.jpg, 0, 1, 0, 30.19005
/Users/ckethan/IMG/center_2019_05_09_14_25_44_784.jpg, /Users/ckethan/IMG/left_2019_05_09_14_25_44_784.jpg, /Users/ckethan/IMG/right_2019_05_09_14_25_44_784.jpg, 0, 1, 0, 30.19027
/Users/ckethan/IMG/center_2019_05_09_14_25_44_887.jpg, /Users/ckethan/IMG/left_2019_05_09_14_25_44_887.jpg, /Users/ckethan/IMG/right_2019_05_09_14_25_44_887.jpg, 0.1701361, 1, 0, 30.1817
/Users/ckethan/IMG/center_2019_05_09_14_25_44_989.jpg, /Users/ckethan/IMG/left_2019_05_09_14_25_44_989.jpg, /Users/ckethan/IMG/right_2019_05_09_14_25_44_989.jpg, 0, 1, 0, 30.18982
/Users/ckethan/IMG/center_2019_05_09_14_25_45_091.jpg, /Users/ckethan/IMG/left_2019_05_09_14_25_45_091.jpg, /Users/ckethan/IMG/right_2019_05_09_14_25_45_091.jpg, -0.08392811, 1, 0, 30.18761
/Users/ckethan/IMG/center_2019_05_09_14_25_45_193.jpg, /Users/ckethan/IMG/left_2019_05_09_14_25_45_193.jpg, /Users/ckethan/IMG/right_2019_05_09_14_25_45_193.jpg, -0.2068377, 1, 0, 30.18485
/Users/ckethan/IMG/center_2019_05_09_14_25_45_293.jpg, /Users/ckethan/IMG/left_2019_05_09_14_25_45_293.jpg, /Users/ckethan/IMG/right_2019_05_09_14_25_45_293.jpg, 0, 1, 0, 30.18901
/Users/ckethan/IMG/center_2019_05_09_14_25_45_394.jpg, /Users/ckethan/IMG/left_2019_05_09_14_25_45_394.jpg, /Users/ckethan/IMG/right_2019_05_09_14_25_45_394.jpg, 0, 1, 0, 30.19014
/Users/ckethan/IMG/center_2019_05_09_14_25_45_494.jpg, /Users/ckethan/IMG/left_2019_05_09_14_25_45_494.jpg, /Users/ckethan/IMG/right_2019_05_09_14_25_45_494.jpg, 0, 1, 0, 30.19027
/Users/ckethan/IMG/center_2019_05_09_14_25_45_596.jpg, /Users/ckethan/IMG/left_2019_05_09_14_25_45_596.jpg, /Users/ckethan/IMG/right_2019_05_09_14_25_45_596.jpg, -0.03444028, 1, 0, 30.19011
/Users/ckethan/IMG/center_2019_05_09_14_25_45_698.jpg, /Users/ckethan/IMG/left_2019_05_09_14_25_45_698.jpg, /Users/ckethan/IMG/right_2019_05_09_14_25_45_698.jpg, -0.112509, 1, 0, 30.18901
/Users/ckethan/IMG/center_2019_05_09_14_25_45_799.jpg, /Users/ckethan/IMG/left_2019_05_09_14_25_45_799.jpg, /Users/ckethan/IMG/right_2019_05_09_14_25_45_799.jpg, 0, 1, 0, 30.19003
/Users/ckethan/IMG/center_2019_05_09_14_25_45_900.jpg, /Users/ckethan/IMG/left_2019_05_09_14_25_45_900.jpg, /Users/ckethan/IMG/right_2019_05_09_14_25_45_900.jpg, 0, 1, 0, 30.19027
/Users/ckethan/IMG/center_2019_05_09_14_25_46_002.jpg, /Users/ckethan/IMG/left_2019_05_09_14_25_46_002.jpg, /Users/ckethan/IMG/right_2019_05_09_14_25_46_002.jpg, 0, 1, 0, 30.19031
/Users/ckethan/IMG/center_2019_05_09_14_25_46_104.jpg, /Users/ckethan/IMG/left_2019_05_09_14_25_46_104.jpg, /Users/ckethan/IMG/right_2019_05_09_14_25_46_104.jpg, 0, 1, 0, 30.1903
/Users/ckethan/IMG/center_2019_05_09_14_25_46_205.jpg, /Users/ckethan/IMG/left_2019_05_09_14_25_46_205.jpg, /Users/ckethan/IMG/right_2019_05_09_14_25_46_205.jpg, -0.01083899, 1, 0, 30.19027
/Users/ckethan/IMG/center_2019_05_09_14_25_46_307.jpg, /Users/ckethan/IMG/left_2019_05_09_14_25_46_307.jpg, /Users/ckethan/IMG/right_2019_05_09_14_25_46_307.jpg, -0.2563559, 1, 0, 30.17404
/Users/ckethan/IMG/center_2019_05_09_14_25_46_408.jpg, /Users/ckethan/IMG/left_2019_05_09_14_25_46_408.jpg, /Users/ckethan/IMG/right_2019_05_09_14_25_46_408.jpg, 0, 1, 0, 30.18928
/Users/ckethan/IMG/center_2019_05_09_14_25_46_508.jpg, /Users/ckethan/IMG/left_2019_05_09_14_25_46_508.jpg, /Users/ckethan/IMG/right_2019_05_09_14_25_46_508.jpg, 0, 1, 0, 30.19032
/Users/ckethan/IMG/center_2019_05_09_14_25_46_609.jpg, /Users/ckethan/IMG/left_2019_05_09_14_25_46_609.jpg, /Users/ckethan/IMG/right_2019_05_09_14_25_46_609.jpg, 0, 1, 0, 30.19028
/Users/ckethan/IMG/center_2019_05_09_14_25_46_710.jpg, /Users/ckethan/IMG/left_2019_05_09_14_25_46_710.jpg, /Users/ckethan/IMG/right_2019_05_09_14_25_46_710.jpg, 0, 1, 0, 30.19028
/Users/ckethan/IMG/center_2019_05_09_14_25_46_810.jpg, /Users/ckethan/IMG/left_2019_05_09_14_25_46_810.jpg, /Users/ckethan/IMG/right_2019_05_09_14_25_46_810.jpg, 0.145914, 1, 0, 30.18428
/Users/ckethan/IMG/center_2019_05_09_14_25_46_913.jpg, /Users/ckethan/IMG/left_2019_05_09_14_25_46_913.jpg, /Users/ckethan/IMG/right_2019_05_09_14_25_46_913.jpg, 0, 1, 0, 30.18981
/Users/ckethan/IMG/center_2019_05_09_14_25_47_015.jpg, /Users/ckethan/IMG/left_2019_05_09_14_25_47_015.jpg, /Users/ckethan/IMG/right_2019_05_09_14_25_47_015.jpg, 0, 1, 0, 30.19013
/Users/ckethan/IMG/center_2019_05_09_14_25_47_117.jpg, /Users/ckethan/IMG/left_2019_05_09_14_25_47_117.jpg, /Users/ckethan/IMG/right_2019_05_09_14_25_47_117.jpg, -0.2311982, 1, 0, 30.17391
/Users/ckethan/IMG/center_2019_05_09_14_25_47_217.jpg, /Users/ckethan/IMG/left_2019_05_09_14_25_47_217.jpg, /Users/ckethan/IMG/right_2019_05_09_14_25_47_217.jpg, -0.1047059, 1, 0, 30.19049
/Users/ckethan/IMG/center_2019_05_09_14_25_47_318.jpg, /Users/ckethan/IMG/left_2019_05_09_14_25_47_318.jpg, /Users/ckethan/IMG/right_2019_05_09_14_25_47_318.jpg, 0, 1, 0, 30.1897
/Users/ckethan/IMG/center_2019_05_09_14_25_47_420.jpg, /Users/ckethan/IMG/left_2019_05_09_14_25_47_420.jpg, /Users/ckethan/IMG/right_2019_05_09_14_25_47_420.jpg, 0, 1, 0, 30.1902
/Users/ckethan/IMG/center_2019_05_09_14_25_47_522.jpg, /Users/ckethan/IMG/left_2019_05_09_14_25_47_522.jpg, /Users/ckethan/IMG/right_2019_05_09_14_25_47_522.jpg, 0, 1, 0, 30.19025
/Users/ckethan/IMG/center_2019_05_09_14_25_47_624.jpg, /Users/ckethan/IMG/left_2019_05_09_14_25_47_624.jpg, /Users/ckethan/IMG/right_2019_05_09_14_25_47_624.jpg, 0, 1, 0, 30.1903
/Users/ckethan/IMG/center_2019_05_09_14_25_47_726.jpg, /Users/ckethan/IMG/left_2019_05_09_14_25_47_726.jpg, /Users/ckethan/IMG/right_2019_05_09_14_25_47_726.jpg, 0, 1, 0, 30.19035
/Users/ckethan/IMG/center_2019_05_09_14_25_47_826.jpg, /Users/ckethan/IMG/left_2019_05_09_14_25_47_826.jpg, /Users/ckethan/IMG/right_2019_05_09_14_25_47_826.jpg, -0.09847212, 1, 0, 30.18786
/Users/ckethan/IMG/center_2019_05_09_14_25_47_928.jpg, /Users/ckethan/IMG/left_2019_05_09_14_25_47_928.jpg, /Users/ckethan/IMG/right_2019_05_09_14_25_47_928.jpg, -0.1289971, 1, 0, 30.18909
/Users/ckethan/IMG/center_2019_05_09_14_25_48_028.jpg, /Users/ckethan/IMG/left_2019_05_09_14_25_48_028.jpg, /Users/ckethan/IMG/right_2019_05_09_14_25_48_028.jpg, 0, 1, 0, 30.1899
/Users/ckethan/IMG/center_2019_05_09_14_25_48_129.jpg, /Users/ckethan/IMG/left_2019_05_09_14_25_48_129.jpg, /Users/ckethan/IMG/right_2019_05_09_14_25_48_129.jpg, 0, 1, 0, 30.19023
/Users/ckethan/IMG/center_2019_05_09_14_25_48_229.jpg, /Users/ckethan/IMG/left_2019_05_09_14_25_48_229.jpg, /Users/ckethan/IMG/right_2019_05_09_14_25_48_229.jpg, 0, 1, 0, 30.19029
/Users/ckethan/IMG/center_2019_05_09_14_25_48_330.jpg, /Users/ckethan/IMG/left_2019_05_09_14_25_48_330.jpg, /Users/ckethan/IMG/right_2019_05_09_14_25_48_330.jpg, 0, 1, 0, 30.19031
/Users/ckethan/IMG/center_2019_05_09_14_25_48_431.jpg, /Users/ckethan/IMG/left_2019_05_09_14_25_48_431.jpg, /Users/ckethan/IMG/right_2019_05_09_14_25_48_431.jpg, -0.09401393, 1, 0, 30.1881
/Users/ckethan/IMG/center_2019_05_09_14_25_48_531.jpg, /Users/ckethan/IMG/left_2019_05_09_14_25_48_531.jpg, /Users/ckethan/IMG/right_2019_05_09_14_25_48_531.jpg, -0.1072744, 1, 0, 30.1904
/Users/ckethan/IMG/center_2019_05_09_14_25_48_633.jpg, /Users/ckethan/IMG/left_2019_05_09_14_25_48_633.jpg, /Users/ckethan/IMG/right_2019_05_09_14_25_48_633.jpg, 0, 1, 0, 30.19009
/Users/ckethan/IMG/center_2019_05_09_14_25_48_736.jpg, /Users/ckethan/IMG/left_2019_05_09_14_25_48_736.jpg, /Users/ckethan/IMG/right_2019_05_09_14_25_48_736.jpg, 0, 1, 0, 30.19025
/Users/ckethan/IMG/center_2019_05_09_14_25_48_837.jpg, /Users/ckethan/IMG/left_2019_05_09_14_25_48_837.jpg, /Users/ckethan/IMG/right_2019_05_09_14_25_48_837.jpg, 0, 1, 0, 30.19029
/Users/ckethan/IMG/center_2019_05_09_14_25_48_940.jpg, /Users/ckethan/IMG/left_2019_05_09_14_25_48_940.jpg, /Users/ckethan/IMG/right_2019_05_09_14_25_48_940.jpg, 0, 1, 0, 30.19031
/Users/ckethan/IMG/center_2019_05_09_14_25_49_041.jpg, /Users/ckethan/IMG/left_2019_05_09_14_25_49_041.jpg, /Users/ckethan/IMG/right_2019_05_09_14_25_49_041.jpg, 0, 1, 0, 30.1903
/Users/ckethan/IMG/center_2019_05_09_14_25_49_142.jpg, /Users/ckethan/IMG/left_2019_05_09_14_25_49_142.jpg, /Users/ckethan/IMG/right_2019_05_09_14_25_49_142.jpg, 0, 1, 0, 30.19029
/Users/ckethan/IMG/center_2019_05_09_14_25_49_243.jpg, /Users/ckethan/IMG/left_2019_05_09_14_25_49_243.jpg, /Users/ckethan/IMG/right_2019_05_09_14_25_49_243.jpg, 0, 1, 0, 30.1903
/Users/ckethan/IMG/center_2019_05_09_14_25_49_344.jpg, /Users/ckethan/IMG/left_2019_05_09_14_25_49_344.jpg, /Users/ckethan/IMG/right_2019_05_09_14_25_49_344.jpg, 0, 1, 0, 30.19028
/Users/ckethan/IMG/center_2019_05_09_14_25_49_445.jpg, /Users/ckethan/IMG/left_2019_05_09_14_25_49_445.jpg, /Users/ckethan/IMG/right_2019_05_09_14_25_49_445.jpg, 0, 1, 0, 30.19029
/Users/ckethan/IMG/center_2019_05_09_14_25_49_547.jpg, /Users/ckethan/IMG/left_2019_05_09_14_25_49_547.jpg, /Users/ckethan/IMG/right_2019_05_09_14_25_49_547.jpg, 0, 1, 0, 30.19031
/Users/ckethan/IMG/center_2019_05_09_14_25_49_649.jpg, /Users/ckethan/IMG/left_2019_05_09_14_25_49_649.jpg, /Users/ckethan/IMG/right_2019_05_09_14_25_49_649.jpg, 0, 1, 0, 30.1903
/Users/ckethan/IMG/center_2019_05_09_14_25_49_751.jpg, /Users/ckethan/IMG/left_2019_05_09_14_25_49_751.jpg, /Users/ckethan/IMG/right_2019_05_09_14_25_49_751.jpg, 0, 1, 0, 30.19032
/Users/ckethan/IMG/center_2019_05_09_14_25_49_853.jpg, /Users/ckethan/IMG/left_2019_05_09_14_25_49_853.jpg, /Users/ckethan/IMG/right_2019_05_09_14_25_49_853.jpg, -0.07547414, 1, 0, 30.18891
/Users/ckethan/IMG/center_2019_05_09_14_25_49_956.jpg, /Users/ckethan/IMG/left_2019_05_09_14_25_49_956.jpg, /Users/ckethan/IMG/right_2019_05_09_14_25_49_956.jpg, -0.3038939, 1, 0, 30.16913
/Users/ckethan/IMG/center_2019_05_09_14_25_50_058.jpg, /Users/ckethan/IMG/left_2019_05_09_14_25_50_058.jpg, /Users/ckethan/IMG/right_2019_05_09_14_25_50_058.jpg, -0.006881833, 1, 0, 30.18923
/Users/ckethan/IMG/center_2019_05_09_14_25_50_160.jpg, /Users/ckethan/IMG/left_2019_05_09_14_25_50_160.jpg, /Users/ckethan/IMG/right_2019_05_09_14_25_50_160.jpg, 0, 1, 0, 30.18994
/Users/ckethan/IMG/center_2019_05_09_14_25_50_262.jpg, /Users/ckethan/IMG/left_2019_05_09_14_25_50_262.jpg, /Users/ckethan/IMG/right_2019_05_09_14_25_50_262.jpg, 0, 1, 0, 30.19024
/Users/ckethan/IMG/center_2019_05_09_14_25_50_364.jpg, /Users/ckethan/IMG/left_2019_05_09_14_25_50_364.jpg, /Users/ckethan/IMG/right_2019_05_09_14_25_50_364.jpg, 0.06683707, 1, 0, 30.18899
/Users/ckethan/IMG/center_2019_05_09_14_25_50_465.jpg, /Users/ckethan/IMG/left_2019_05_09_14_25_50_465.jpg, /Users/ckethan/IMG/right_2019_05_09_14_25_50_465.jpg, 0.07240462, 1, 0, 30.19012
/Users/ckethan/IMG/center_2019_05_09_14_25_50_566.jpg, /Users/ckethan/IMG/left_2019_05_09_14_25_50_566.jpg, /Users/ckethan/IMG/right_2019_05_09_14_25_50_566.jpg, 0, 1, 0, 30.19011
/Users/ckethan/IMG/center_2019_05_09_14_25_50_669.jpg, /Users/ckethan/IMG/left_2019_05_09_14_25_50_669.jpg, /Users/ckethan/IMG/right_2019_05_09_14_25_50_669.jpg, 0, 1, 0, 30.19025
/Users/ckethan/IMG/center_2019_05_09_14_25_50_771.jpg, /Users/ckethan/IMG/left_2019_05_09_14_25_50_771.jpg, /Users/ckethan/IMG/right_2019_05_09_14_25_50_771.jpg, -0.02721298, 1, 0, 30.19008
/Users/ckethan/IMG/center_2019_05_09_14_25_50_872.jpg, /Users/ckethan/IMG/left_2019_05_09_14_25_50_872.jpg, /Users/ckethan/IMG/right_2019_05_09_14_25_50_872.jpg, -0.09534001, 1, 0, 30.18988
/Users/ckethan/IMG/center_2019_05_09_14_25_50_973.jpg, /Users/ckethan/IMG/left_2019_05_09_14_25_50_973.jpg, /Users/ckethan/IMG/right_2019_05_09_14_25_50_973.jpg, 0, 1, 0, 30.19001
/Users/ckethan/IMG/center_2019_05_09_14_25_51_075.jpg, /Users/ckethan/IMG/left_2019_05_09_14_25_51_075.jpg, /Users/ckethan/IMG/right_2019_05_09_14_25_51_075.jpg, 0, 1, 0, 30.19024
/Users/ckethan/IMG/center_2019_05_09_14_25_51_189.jpg, /Users/ckethan/IMG/left_2019_05_09_14_25_51_189.jpg, /Users/ckethan/IMG/right_2019_05_09_14_25_51_189.jpg, 0.1202069, 1, 0, 30.18618
/Users/ckethan/IMG/center_2019_05_09_14_25_51_290.jpg, /Users/ckethan/IMG/left_2019_05_09_14_25_51_290.jpg, /Users/ckethan/IMG/right_2019_05_09_14_25_51_290.jpg, 0.1035629, 1, 0, 30.18961
/Users/ckethan/IMG/center_2019_05_09_14_25_51_391.jpg, /Users/ckethan/IMG/left_2019_05_09_14_25_51_391.jpg, /Users/ckethan/IMG/right_2019_05_09_14_25_51_391.jpg, 0, 1, 0, 30.19
/Users/ckethan/IMG/center_2019_05_09_14_25_51_494.jpg, /Users/ckethan/IMG/left_2019_05_09_14_25_51_494.jpg, /Users/ckethan/IMG/right_2019_05_09_14_25_51_494.jpg, -0.1958849, 1, 0, 30.17829
/Users/ckethan/IMG/center_2019_05_09_14_25_51_595.jpg, /Users/ckethan/IMG/left_2019_05_09_14_25_51_595.jpg, /Users/ckethan/IMG/right_2019_05_09_14_25_51_595.jpg, 0, 1, 0, 30.18987
/Users/ckethan/IMG/center_2019_05_09_14_25_51_696.jpg, /Users/ckethan/IMG/left_2019_05_09_14_25_51_696.jpg, /Users/ckethan/IMG/right_2019_05_09_14_25_51_696.jpg, 0, 1, 0, 30.19017
/Users/ckethan/IMG/center_2019_05_09_14_25_51_797.jpg, /Users/ckethan/IMG/left_2019_05_09_14_25_51_797.jpg, /Users/ckethan/IMG/right_2019_05_09_14_25_51_797.jpg, 0, 1, 0, 30.19029
/Users/ckethan/IMG/center_2019_05_09_14_25_51_897.jpg, /Users/ckethan/IMG/left_2019_05_09_14_25_51_897.jpg, /Users/ckethan/IMG/right_2019_05_09_14_25_51_897.jpg, 0, 1, 0, 30.19031
/Users/ckethan/IMG/center_2019_05_09_14_25_51_998.jpg, /Users/ckethan/IMG/left_2019_05_09_14_25_51_998.jpg, /Users/ckethan/IMG/right_2019_05_09_14_25_51_998.jpg, 0, 1, 0, 30.1903
/Users/ckethan/IMG/center_2019_05_09_14_25_52_100.jpg, /Users/ckethan/IMG/left_2019_05_09_14_25_52_100.jpg, /Users/ckethan/IMG/right_2019_05_09_14_25_52_100.jpg, 0, 1, 0, 30.19032
/Users/ckethan/IMG/center_2019_05_09_14_25_52_200.jpg, /Users/ckethan/IMG/left_2019_05_09_14_25_52_200.jpg, /Users/ckethan/IMG/right_2019_05_09_14_25_52_200.jpg, 0, 1, 0, 30.19029
/Users/ckethan/IMG/center_2019_05_09_14_25_52_300.jpg, /Users/ckethan/IMG/left_2019_05_09_14_25_52_300.jpg, /Users/ckethan/IMG/right_2019_05_09_14_25_52_300.jpg, -0.1951894, 1, 0, 30.17999
/Users/ckethan/IMG/center_2019_05_09_14_25_52_402.jpg, /Users/ckethan/IMG/left_2019_05_09_14_25_52_402.jpg, /Users/ckethan/IMG/right_2019_05_09_14_25_52_402.jpg, 0, 1, 0, 30.18975
/Users/ckethan/IMG/center_2019_05_09_14_25_52_504.jpg, /Users/ckethan/IMG/left_2019_05_09_14_25_52_504.jpg, /Users/ckethan/IMG/right_2019_05_09_14_25_52_504.jpg, 0, 1, 0, 30.19022
/Users/ckethan/IMG/center_2019_05_09_14_25_52_605.jpg, /Users/ckethan/IMG/left_2019_05_09_14_25_52_605.jpg, /Users/ckethan/IMG/right_2019_05_09_14_25_52_605.jpg, 0, 1, 0, 30.19029
/Users/ckethan/IMG/center_2019_05_09_14_25_52_705.jpg, /Users/ckethan/IMG/left_2019_05_09_14_25_52_705.jpg, /Users/ckethan/IMG/right_2019_05_09_14_25_52_705.jpg, 0.2102855, 1, 0, 30.1783
/Users/ckethan/IMG/center_2019_05_09_14_25_52_805.jpg, /Users/ckethan/IMG/left_2019_05_09_14_25_52_805.jpg, /Users/ckethan/IMG/right_2019_05_09_14_25_52_805.jpg, 0, 1, 0, 30.1896
/Users/ckethan/IMG/center_2019_05_09_14_25_52_905.jpg, /Users/ckethan/IMG/left_2019_05_09_14_25_52_905.jpg, /Users/ckethan/IMG/right_2019_05_09_14_25_52_905.jpg, -0.06391811, 1, 0, 30.18859
/Users/ckethan/IMG/center_2019_05_09_14_25_53_005.jpg, /Users/ckethan/IMG/left_2019_05_09_14_25_53_005.jpg, /Users/ckethan/IMG/right_2019_05_09_14_25_53_005.jpg, -0.1656064, 1, 0, 30.1848
/Users/ckethan/IMG/center_2019_05_09_14_25_53_107.jpg, /Users/ckethan/IMG/left_2019_05_09_14_25_53_107.jpg, /Users/ckethan/IMG/right_2019_05_09_14_25_53_107.jpg, 0, 1, 0, 30.18985
/Users/ckethan/IMG/center_2019_05_09_14_25_53_208.jpg, /Users/ckethan/IMG/left_2019_05_09_14_25_53_208.jpg, /Users/ckethan/IMG/right_2019_05_09_14_25_53_208.jpg, 0, 1, 0, 30.19021
/Users/ckethan/IMG/center_2019_05_09_14_25_53_309.jpg, /Users/ckethan/IMG/left_2019_05_09_14_25_53_309.jpg, /Users/ckethan/IMG/right_2019_05_09_14_25_53_309.jpg, 0, 1, 0, 30.19028
/Users/ckethan/IMG/center_2019_05_09_14_25_53_411.jpg, /Users/ckethan/IMG/left_2019_05_09_14_25_53_411.jpg, /Users/ckethan/IMG/right_2019_05_09_14_25_53_411.jpg, 0, 1, 0, 30.1903
/Users/ckethan/IMG/center_2019_05_09_14_25_53_513.jpg, /Users/ckethan/IMG/left_2019_05_09_14_25_53_513.jpg, /Users/ckethan/IMG/right_2019_05_09_14_25_53_513.jpg, -0.1493697, 1, 0, 30.18432
/Users/ckethan/IMG/center_2019_05_09_14_25_53_615.jpg, /Users/ckethan/IMG/left_2019_05_09_14_25_53_615.jpg, /Users/ckethan/IMG/right_2019_05_09_14_25_53_615.jpg, -0.09428681, 1, 0, 30.19002
/Users/ckethan/IMG/center_2019_05_09_14_25_53_715.jpg, /Users/ckethan/IMG/left_2019_05_09_14_25_53_715.jpg, /Users/ckethan/IMG/right_2019_05_09_14_25_53_715.jpg, 0, 1, 0, 30.18991
/Users/ckethan/IMG/center_2019_05_09_14_25_53_815.jpg, /Users/ckethan/IMG/left_2019_05_09_14_25_53_815.jpg, /Users/ckethan/IMG/right_2019_05_09_14_25_53_815.jpg, 0.110448, 1, 0, 30.18567
/Users/ckethan/IMG/center_2019_05_09_14_25_53_918.jpg, /Users/ckethan/IMG/left_2019_05_09_14_25_53_918.jpg, /Users/ckethan/IMG/right_2019_05_09_14_25_53_918.jpg, 0.11826, 1, 0, 30.18892
/Users/ckethan/IMG/center_2019_05_09_14_25_54_021.jpg, /Users/ckethan/IMG/left_2019_05_09_14_25_54_021.jpg, /Users/ckethan/IMG/right_2019_05_09_14_25_54_021.jpg, 0, 1, 0, 30.18987
/Users/ckethan/IMG/center_2019_05_09_14_25_54_121.jpg, /Users/ckethan/IMG/left_2019_05_09_14_25_54_121.jpg, /Users/ckethan/IMG/right_2019_05_09_14_25_54_121.jpg, -0.1395031, 1, 0, 30.18336
/Users/ckethan/IMG/center_2019_05_09_14_25_54_223.jpg, /Users/ckethan/IMG/left_2019_05_09_14_25_54_223.jpg, /Users/ckethan/IMG/right_2019_05_09_14_25_54_223.jpg, -0.1433644, 1, 0, 30.18821
/Users/ckethan/IMG/center_2019_05_09_14_25_54_326.jpg, /Users/ckethan/IMG/left_2019_05_09_14_25_54_326.jpg, /Users/ckethan/IMG/right_2019_05_09_14_25_54_326.jpg, 0, 1, 0, 30.18976
/Users/ckethan/IMG/center_2019_05_09_14_25_54_427.jpg, /Users/ckethan/IMG/left_2019_05_09_14_25_54_427.jpg, /Users/ckethan/IMG/right_2019_05_09_14_25_54_427.jpg, 0, 1, 0, 30.19021
/Users/ckethan/IMG/center_2019_05_09_14_25_54_528.jpg, /Users/ckethan/IMG/left_2019_05_09_14_25_54_528.jpg, /Users/ckethan/IMG/right_2019_05_09_14_25_54_528.jpg, 0, 1, 0, 30.19028
/Users/ckethan/IMG/center_2019_05_09_14_25_54_628.jpg, /Users/ckethan/IMG/left_2019_05_09_14_25_54_628.jpg, /Users/ckethan/IMG/right_2019_05_09_14_25_54_628.jpg, 0.263733, 1, 0, 30.17189
/Users/ckethan/IMG/center_2019_05_09_14_25_54_730.jpg, /Users/ckethan/IMG/left_2019_05_09_14_25_54_730.jpg, /Users/ckethan/IMG/right_2019_05_09_14_25_54_730.jpg, 0, 1, 0, 30.1893
/Users/ckethan/IMG/center_2019_05_09_14_25_54_831.jpg, /Users/ckethan/IMG/left_2019_05_09_14_25_54_831.jpg, /Users/ckethan/IMG/right_2019_05_09_14_25_54_831.jpg, 0, 1, 0, 30.19013
/Users/ckethan/IMG/center_2019_05_09_14_25_54_934.jpg, /Users/ckethan/IMG/left_2019_05_09_14_25_54_934.jpg, /Users/ckethan/IMG/right_2019_05_09_14_25_54_934.jpg, 0, 1, 0, 30.19028
/Users/ckethan/IMG/center_2019_05_09_14_25_55_037.jpg, /Users/ckethan/IMG/left_2019_05_09_14_25_55_037.jpg, /Users/ckethan/IMG/right_2019_05_09_14_25_55_037.jpg, -0.2591972, 1, 0, 30.17217
/Users/ckethan/IMG/center_2019_05_09_14_25_55_137.jpg, /Users/ckethan/IMG/left_2019_05_09_14_25_55_137.jpg, /Users/ckethan/IMG/right_2019_05_09_14_25_55_137.jpg, 0, 1, 0, 30.18953
/Users/ckethan/IMG/center_2019_05_09_14_25_55_239.jpg, /Users/ckethan/IMG/left_2019_05_09_14_25_55_239.jpg, /Users/ckethan/IMG/right_2019_05_09_14_25_55_239.jpg, 0, 1, 0, 30.19012
/Users/ckethan/IMG/center_2019_05_09_14_25_55_341.jpg, /Users/ckethan/IMG/left_2019_05_09_14_25_55_341.jpg, /Users/ckethan/IMG/right_2019_05_09_14_25_55_341.jpg, 0, 1, 0, 30.19027
/Users/ckethan/IMG/center_2019_05_09_14_25_55_443.jpg, /Users/ckethan/IMG/left_2019_05_09_14_25_55_443.jpg, /Users/ckethan/IMG/right_2019_05_09_14_25_55_443.jpg, 0.1535161, 1, 0, 30.18322
/Users/ckethan/IMG/center_2019_05_09_14_25_55_543.jpg, /Users/ckethan/IMG/left_2019_05_09_14_25_55_543.jpg, /Users/ckethan/IMG/right_2019_05_09_14_25_55_543.jpg, 0.05873394, 1, 0, 30.19043
/Users/ckethan/IMG/center_2019_05_09_14_25_55_646.jpg, /Users/ckethan/IMG/left_2019_05_09_14_25_55_646.jpg, /Users/ckethan/IMG/right_2019_05_09_14_25_55_646.jpg, 0, 1, 0, 30.19003
/Users/ckethan/IMG/center_2019_05_09_14_25_55_746.jpg, /Users/ckethan/IMG/left_2019_05_09_14_25_55_746.jpg, /Users/ckethan/IMG/right_2019_05_09_14_25_55_746.jpg, 0, 1, 0, 30.19025
/Users/ckethan/IMG/center_2019_05_09_14_25_55_849.jpg, /Users/ckethan/IMG/left_2019_05_09_14_25_55_849.jpg, /Users/ckethan/IMG/right_2019_05_09_14_25_55_849.jpg, -0.1508818, 1, 0, 30.18339
/Users/ckethan/IMG/center_2019_05_09_14_25_55_949.jpg, /Users/ckethan/IMG/left_2019_05_09_14_25_55_949.jpg, /Users/ckethan/IMG/right_2019_05_09_14_25_55_949.jpg, -0.3614792, 1, 0, 30.16279
/Users/ckethan/IMG/center_2019_05_09_14_25_56_051.jpg, /Users/ckethan/IMG/left_2019_05_09_14_25_56_051.jpg, /Users/ckethan/IMG/right_2019_05_09_14_25_56_051.jpg, -0.05755484, 1, 0, 30.19057
/Users/ckethan/IMG/center_2019_05_09_14_25_56_152.jpg, /Users/ckethan/IMG/left_2019_05_09_14_25_56_152.jpg, /Users/ckethan/IMG/right_2019_05_09_14_25_56_152.jpg, 0, 1, 0, 30.18981
/Users/ckethan/IMG/center_2019_05_09_14_25_56_253.jpg, /Users/ckethan/IMG/left_2019_05_09_14_25_56_253.jpg, /Users/ckethan/IMG/right_2019_05_09_14_25_56_253.jpg, 0, 1, 0, 30.19024
/Users/ckethan/IMG/center_2019_05_09_14_25_56_353.jpg, /Users/ckethan/IMG/left_2019_05_09_14_25_56_353.jpg, /Users/ckethan/IMG/right_2019_05_09_14_25_56_353.jpg, 0, 1, 0, 30.19028
/Users/ckethan/IMG/center_2019_05_09_14_25_56_454.jpg, /Users/ckethan/IMG/left_2019_05_09_14_25_56_454.jpg, /Users/ckethan/IMG/right_2019_05_09_14_25_56_454.jpg, 0, 1, 0, 30.19029
/Users/ckethan/IMG/center_2019_05_09_14_25_56_555.jpg, /Users/ckethan/IMG/left_2019_05_09_14_25_56_555.jpg, /Users/ckethan/IMG/right_2019_05_09_14_25_56_555.jpg, 0, 1, 0, 30.1903
/Users/ckethan/IMG/center_2019_05_09_14_25_56_657.jpg, /Users/ckethan/IMG/left_2019_05_09_14_25_56_657.jpg, /Users/ckethan/IMG/right_2019_05_09_14_25_56_657.jpg, 0, 1, 0, 30.19029
/Users/ckethan/IMG/center_2019_05_09_14_25_56_758.jpg, /Users/ckethan/IMG/left_2019_05_09_14_25_56_758.jpg, /Users/ckethan/IMG/right_2019_05_09_14_25_56_758.jpg, 0, 1, 0, 30.19029
/Users/ckethan/IMG/center_2019_05_09_14_25_56_859.jpg, /Users/ckethan/IMG/left_2019_05_09_14_25_56_859.jpg, /Users/ckethan/IMG/right_2019_05_09_14_25_56_859.jpg, 0, 1, 0, 30.1903
/Users/ckethan/IMG/center_2019_05_09_14_25_56_962.jpg, /Users/ckethan/IMG/left_2019_05_09_14_25_56_962.jpg, /Users/ckethan/IMG/right_2019_05_09_14_25_56_962.jpg, 0.245901, 1, 0, 30.17436
/Users/ckethan/IMG/center_2019_05_09_14_25_57_062.jpg, /Users/ckethan/IMG/left_2019_05_09_14_25_57_062.jpg, /Users/ckethan/IMG/right_2019_05_09_14_25_57_062.jpg, 0.2360584, 1, 0, 30.18613
/Users/ckethan/IMG/center_2019_05_09_14_25_57_164.jpg, /Users/ckethan/IMG/left_2019_05_09_14_25_57_164.jpg, /Users/ckethan/IMG/right_2019_05_09_14_25_57_164.jpg, 0, 1, 0, 30.18764
/Users/ckethan/IMG/center_2019_05_09_14_25_57_265.jpg, /Users/ckethan/IMG/left_2019_05_09_14_25_57_265.jpg, /Users/ckethan/IMG/right_2019_05_09_14_25_57_265.jpg, -0.1082278, 1, 0, 30.18405
/Users/ckethan/IMG/center_2019_05_09_14_25_57_368.jpg, /Users/ckethan/IMG/left_2019_05_09_14_25_57_368.jpg, /Users/ckethan/IMG/right_2019_05_09_14_25_57_368.jpg, -0.4075921, 1, 0, 30.15026
/Users/ckethan/IMG/center_2019_05_09_14_25_57_470.jpg, /Users/ckethan/IMG/left_2019_05_09_14_25_57_470.jpg, /Users/ckethan/IMG/right_2019_05_09_14_25_57_470.jpg, -0.2629169, 1, 0, 30.18805
/Users/ckethan/IMG/center_2019_05_09_14_25_57_574.jpg, /Users/ckethan/IMG/left_2019_05_09_14_25_57_574.jpg, /Users/ckethan/IMG/right_2019_05_09_14_25_57_574.jpg, 0, 1, 0, 30.18761
/Users/ckethan/IMG/center_2019_05_09_14_25_57_675.jpg, /Users/ckethan/IMG/left_2019_05_09_14_25_57_675.jpg, /Users/ckethan/IMG/right_2019_05_09_14_25_57_675.jpg, 0, 1, 0, 30.18994
/Users/ckethan/IMG/center_2019_05_09_14_25_57_778.jpg, /Users/ckethan/IMG/left_2019_05_09_14_25_57_778.jpg, /Users/ckethan/IMG/right_2019_05_09_14_25_57_778.jpg, 0, 1, 0, 30.19028
/Users/ckethan/IMG/center_2019_05_09_14_25_57_878.jpg, /Users/ckethan/IMG/left_2019_05_09_14_25_57_878.jpg, /Users/ckethan/IMG/right_2019_05_09_14_25_57_878.jpg, 0.01226699, 1, 0, 30.19023
/Users/ckethan/IMG/center_2019_05_09_14_25_57_980.jpg, /Users/ckethan/IMG/left_2019_05_09_14_25_57_980.jpg, /Users/ckethan/IMG/right_2019_05_09_14_25_57_980.jpg, 0.1900592, 1, 0, 30.18012
/Users/ckethan/IMG/center_2019_05_09_14_25_58_082.jpg, /Users/ckethan/IMG/left_2019_05_09_14_25_58_082.jpg, /Users/ckethan/IMG/right_2019_05_09_14_25_58_082.jpg, 0, 1, 0, 30.1897
/Users/ckethan/IMG/center_2019_05_09_14_25_58_185.jpg, /Users/ckethan/IMG/left_2019_05_09_14_25_58_185.jpg, /Users/ckethan/IMG/right_2019_05_09_14_25_58_185.jpg, 0, 1, 0, 30.19021
/Users/ckethan/IMG/center_2019_05_09_14_25_58_288.jpg, /Users/ckethan/IMG/left_2019_05_09_14_25_58_288.jpg, /Users/ckethan/IMG/right_2019_05_09_14_25_58_288.jpg, 0, 1, 0, 30.19029
/Users/ckethan/IMG/center_2019_05_09_14_25_58_390.jpg, /Users/ckethan/IMG/left_2019_05_09_14_25_58_390.jpg, /Users/ckethan/IMG/right_2019_05_09_14_25_58_390.jpg, 0, 1, 0, 30.19042
/Users/ckethan/IMG/center_2019_05_09_14_25_58_493.jpg, /Users/ckethan/IMG/left_2019_05_09_14_25_58_493.jpg, /Users/ckethan/IMG/right_2019_05_09_14_25_58_493.jpg, -0.2374499, 1, 0, 30.17518
/Users/ckethan/IMG/center_2019_05_09_14_25_58_593.jpg, /Users/ckethan/IMG/left_2019_05_09_14_25_58_593.jpg, /Users/ckethan/IMG/right_2019_05_09_14_25_58_593.jpg, -0.002574205, 1, 0, 30.18993
/Users/ckethan/IMG/center_2019_05_09_14_25_58_696.jpg, /Users/ckethan/IMG/left_2019_05_09_14_25_58_696.jpg, /Users/ckethan/IMG/right_2019_05_09_14_25_58_696.jpg, 0, 1, 0, 30.19009
/Users/ckethan/IMG/center_2019_05_09_14_25_58_796.jpg, /Users/ckethan/IMG/left_2019_05_09_14_25_58_796.jpg, /Users/ckethan/IMG/right_2019_05_09_14_25_58_796.jpg, 0, 1, 0, 30.19025
/Users/ckethan/IMG/center_2019_05_09_14_25_58_897.jpg, /Users/ckethan/IMG/left_2019_05_09_14_25_58_897.jpg, /Users/ckethan/IMG/right_2019_05_09_14_25_58_897.jpg, 0, 1, 0, 30.19032
/Users/ckethan/IMG/center_2019_05_09_14_25_59_001.jpg, /Users/ckethan/IMG/left_2019_05_09_14_25_59_001.jpg, /Users/ckethan/IMG/right_2019_05_09_14_25_59_001.jpg, 0, 1, 0, 30.19031
/Users/ckethan/IMG/center_2019_05_09_14_25_59_102.jpg, /Users/ckethan/IMG/left_2019_05_09_14_25_59_102.jpg, /Users/ckethan/IMG/right_2019_05_09_14_25_59_102.jpg, 0, 1, 0, 30.1903
/Users/ckethan/IMG/center_2019_05_09_14_25_59_203.jpg, /Users/ckethan/IMG/left_2019_05_09_14_25_59_203.jpg, /Users/ckethan/IMG/right_2019_05_09_14_25_59_203.jpg, 0, 1, 0, 30.19031
/Users/ckethan/IMG/center_2019_05_09_14_25_59_307.jpg, /Users/ckethan/IMG/left_2019_05_09_14_25_59_307.jpg, /Users/ckethan/IMG/right_2019_05_09_14_25_59_307.jpg, 0.240189, 1, 0, 30.17504
/Users/ckethan/IMG/center_2019_05_09_14_25_59_409.jpg, /Users/ckethan/IMG/left_2019_05_09_14_25_59_409.jpg, /Users/ckethan/IMG/right_2019_05_09_14_25_59_409.jpg, 0, 1, 0, 30.18963
/Users/ckethan/IMG/center_2019_05_09_14_25_59_511.jpg, /Users/ckethan/IMG/left_2019_05_09_14_25_59_511.jpg, /Users/ckethan/IMG/right_2019_05_09_14_25_59_511.jpg, -0.1167029, 1, 0, 30.1843
/Users/ckethan/IMG/center_2019_05_09_14_25_59_612.jpg, /Users/ckethan/IMG/left_2019_05_09_14_25_59_612.jpg, /Users/ckethan/IMG/right_2019_05_09_14_25_59_612.jpg, -0.1776298, 1, 0, 30.1871
/Users/ckethan/IMG/center_2019_05_09_14_25_59_712.jpg, /Users/ckethan/IMG/left_2019_05_09_14_25_59_712.jpg, /Users/ckethan/IMG/right_2019_05_09_14_25_59_712.jpg, 0, 0.9073211, 0, 30.17678
/Users/ckethan/IMG/center_2019_05_09_14_25_59_813.jpg, /Users/ckethan/IMG/left_2019_05_09_14_25_59_813.jpg, /Users/ckethan/IMG/right_2019_05_09_14_25_59_813.jpg, 0, 0.606433, 0, 30.09944
/Users/ckethan/IMG/center_2019_05_09_14_25_59_914.jpg, /Users/ckethan/IMG/left_2019_05_09_14_25_59_914.jpg, /Users/ckethan/IMG/right_2019_05_09_14_25_59_914.jpg, 0, 0.3040601, 0, 30.0234
/Users/ckethan/IMG/center_2019_05_09_14_26_00_018.jpg, /Users/ckethan/IMG/left_2019_05_09_14_26_00_018.jpg, /Users/ckethan/IMG/right_2019_05_09_14_26_00_018.jpg, 0, 0, 0, 29.89428
/Users/ckethan/IMG/center_2019_05_09_14_26_00_121.jpg, /Users/ckethan/IMG/left_2019_05_09_14_26_00_121.jpg, /Users/ckethan/IMG/right_2019_05_09_14_26_00_121.jpg, 0, 0, 0.0268532, 29.59081
/Users/ckethan/IMG/center_2019_05_09_14_26_00_223.jpg, /Users/ckethan/IMG/left_2019_05_09_14_26_00_223.jpg, /Users/ckethan/IMG/right_2019_05_09_14_26_00_223.jpg, 0, 0, 0.3334383, 27.56274
/Users/ckethan/IMG/center_2019_05_09_14_26_00_327.jpg, /Users/ckethan/IMG/left_2019_05_09_14_26_00_327.jpg, /Users/ckethan/IMG/right_2019_05_09_14_26_00_327.jpg, 0, 0, 0.6289501, 25.81212
/Users/ckethan/IMG/center_2019_05_09_14_26_00_431.jpg, /Users/ckethan/IMG/left_2019_05_09_14_26_00_431.jpg, /Users/ckethan/IMG/right_2019_05_09_14_26_00_431.jpg, 0, 0, 0.9289652, 24.08764
/Users/ckethan/IMG/center_2019_05_09_14_26_00_535.jpg, /Users/ckethan/IMG/left_2019_05_09_14_26_00_535.jpg, /Users/ckethan/IMG/right_2019_05_09_14_26_00_535.jpg, 0, 0, 1, 22.05159
/Users/ckethan/IMG/center_2019_05_09_14_26_00_636.jpg, /Users/ckethan/IMG/left_2019_05_09_14_26_00_636.jpg, /Users/ckethan/IMG/right_2019_05_09_14_26_00_636.jpg, 0, 0, 1, 20.38162
/Users/ckethan/IMG/center_2019_05_09_14_26_00_741.jpg, /Users/ckethan/IMG/left_2019_05_09_14_26_00_741.jpg, /Users/ckethan/IMG/right_2019_05_09_14_26_00_741.jpg, 0, 0, 1, 18.7354
/Users/ckethan/IMG/center_2019_05_09_14_26_00_841.jpg, /Users/ckethan/IMG/left_2019_05_09_14_26_00_841.jpg, /Users/ckethan/IMG/right_2019_05_09_14_26_00_841.jpg, 0, 0, 0.9427627, 17.11254
/Users/ckethan/IMG/center_2019_05_09_14_26_00_944.jpg, /Users/ckethan/IMG/left_2019_05_09_14_26_00_944.jpg, /Users/ckethan/IMG/right_2019_05_09_14_26_00_944.jpg, 0, 0, 0.6320049, 15.51271
/Users/ckethan/IMG/center_2019_05_09_14_26_01_047.jpg, /Users/ckethan/IMG/left_2019_05_09_14_26_01_047.jpg, /Users/ckethan/IMG/right_2019_05_09_14_26_01_047.jpg, 0, 0, 0.3364959, 13.93562
/Users/ckethan/IMG/center_2019_05_09_14_26_01_151.jpg, /Users/ckethan/IMG/left_2019_05_09_14_26_01_151.jpg, /Users/ckethan/IMG/right_2019_05_09_14_26_01_151.jpg, 0, 0, 0.04066896, 12.38092
/Users/ckethan/IMG/center_2019_05_09_14_26_01_251.jpg, /Users/ckethan/IMG/left_2019_05_09_14_26_01_251.jpg, /Users/ckethan/IMG/right_2019_05_09_14_26_01_251.jpg, 0, 0, 0, 12.0069
/Users/ckethan/IMG/center_2019_05_09_14_26_01_353.jpg, /Users/ckethan/IMG/left_2019_05_09_14_26_01_353.jpg, /Users/ckethan/IMG/right_2019_05_09_14_26_01_353.jpg, 0, 0, 0, 11.8325
/Users/ckethan/IMG/center_2019_05_09_14_26_01_454.jpg, /Users/ckethan/IMG/left_2019_05_09_14_26_01_454.jpg, /Users/ckethan/IMG/right_2019_05_09_14_26_01_454.jpg, 0, 0, 0, 11.20719
/Users/ckethan/IMG/center_2019_05_09_14_26_01_557.jpg, /Users/ckethan/IMG/left_2019_05_09_14_26_01_557.jpg, /Users/ckethan/IMG/right_2019_05_09_14_26_01_557.jpg, 0, 0, 0, 11.39977
/Users/ckethan/IMG/center_2019_05_09_14_26_01_659.jpg, /Users/ckethan/IMG/left_2019_05_09_14_26_01_659.jpg, /Users/ckethan/IMG/right_2019_05_09_14_26_01_659.jpg, 0, 0, 0, 11.28926
/Users/ckethan/IMG/center_2019_05_09_14_26_01_759.jpg, /Users/ckethan/IMG/left_2019_05_09_14_26_01_759.jpg, /Users/ckethan/IMG/right_2019_05_09_14_26_01_759.jpg, 0, 0, 0, 11.17677
/Users/ckethan/IMG/center_2019_05_09_14_26_01_862.jpg, /Users/ckethan/IMG/left_2019_05_09_14_26_01_862.jpg, /Users/ckethan/IMG/right_2019_05_09_14_26_01_862.jpg, 0, 0, 0, 11.06691
